,Year,Country,Import
0,1992-01-01,Algeria,2.6961530000000002
1,1993-01-01,Algeria,6.647521
2,1994-01-01,Algeria,3.768851
3,1995-01-01,Algeria,22.027415
4,1996-01-01,Algeria,0.011424
5,1997-01-01,Algeria,0.018132
6,1998-01-01,Algeria,0.12432
7,1999-01-01,Algeria,62.193667
8,2000-01-01,Algeria,25.937941
9,2001-01-01,Algeria,69.988286
10,2002-01-01,Algeria,81.897046
11,2003-01-01,Algeria,99.216863
12,2004-01-01,Algeria,259.077512
13,2005-01-01,Algeria,363.732733
14,2006-01-01,Algeria,143.121609
15,2007-01-01,Algeria,1160.9319520000001
16,2008-01-01,Algeria,849.219211
17,2009-01-01,Algeria,946.61979
18,2010-01-01,Algeria,1177.317334
19,2011-01-01,Algeria,1960.88672
20,2012-01-01,Algeria,2311.905609
21,2013-01-01,Algeria,2164.546739
22,2014-01-01,Algeria,1314.681787
23,2015-01-01,Algeria,767.362894
24,2016-01-01,Algeria,331.886154
25,2017-01-01,Algeria,448.323792
26,2018-01-01,Algeria,1178.823679
27,1992-01-01,Angola,29.409207
28,1993-01-01,Angola,180.71046199999998
29,1994-01-01,Angola,47.984324
30,1995-01-01,Angola,136.90730200000002
31,1996-01-01,Angola,243.751143
32,1997-01-01,Angola,603.4961460000001
33,1998-01-01,Angola,153.69771
34,1999-01-01,Angola,355.651156
35,2000-01-01,Angola,1842.6929670000002
36,2001-01-01,Angola,721.828095
37,2002-01-01,Angola,1087.049343
38,2003-01-01,Angola,2205.9348800000002
39,2004-01-01,Angola,4717.339145999999
40,2005-01-01,Angola,6581.828714
41,2006-01-01,Angola,10933.295107
42,2007-01-01,Angola,12888.664603000001
43,2008-01-01,Angola,22382.523829
44,2009-01-01,Angola,14675.830702000001
45,2010-01-01,Angola,22815.049454
46,2011-01-01,Angola,24922.180492
47,2012-01-01,Angola,33561.896917
48,2013-01-01,Angola,31972.669347
49,2014-01-01,Angola,31106.015046
50,2015-01-01,Angola,16001.611383
51,2016-01-01,Angola,13966.11708
52,2017-01-01,Angola,20698.709467
53,2018-01-01,Angola,25652.016497
54,1992-01-01,Benin,0.545868
55,1993-01-01,Benin,0.007757999999999999
56,1994-01-01,Benin,0.474221
57,1995-01-01,Benin,6.119735
58,1996-01-01,Benin,1.960631
59,1997-01-01,Benin,8.778936
60,1998-01-01,Benin,3.4898569999999998
61,1999-01-01,Benin,2.422371
62,2000-01-01,Benin,1.124856
63,2001-01-01,Benin,0.059840000000000004
64,2002-01-01,Benin,17.005899000000003
65,2003-01-01,Benin,68.39828200000001
66,2004-01-01,Benin,111.272693
67,2005-01-01,Benin,139.392855
68,2006-01-01,Benin,89.382926
69,2007-01-01,Benin,113.159474
70,2008-01-01,Benin,110.161584
71,2009-01-01,Benin,93.782107
72,2010-01-01,Benin,125.631617
73,2011-01-01,Benin,176.474574
74,2012-01-01,Benin,261.537667
75,2013-01-01,Benin,206.006603
76,2014-01-01,Benin,266.63068699999997
77,2015-01-01,Benin,77.849434
78,2016-01-01,Benin,55.392328
79,2017-01-01,Benin,91.590374
80,2018-01-01,Benin,48.324485
81,1992-01-01,Botswana,0.0
82,1993-01-01,Botswana,0.0
83,1994-01-01,Botswana,0.0
84,1995-01-01,Botswana,0.0
85,1996-01-01,Botswana,0.0
86,1997-01-01,Botswana,0.0
87,1998-01-01,Botswana,0.0
88,1999-01-01,Botswana,0.0
89,2000-01-01,Botswana,0.010309
90,2001-01-01,Botswana,0.0
91,2002-01-01,Botswana,0.005083000000000001
92,2003-01-01,Botswana,2.175988
93,2004-01-01,Botswana,2.860708
94,2005-01-01,Botswana,4.004099
95,2006-01-01,Botswana,8.166108
96,2007-01-01,Botswana,26.435246999999997
97,2008-01-01,Botswana,183.913357
98,2009-01-01,Botswana,65.28657799999999
99,2010-01-01,Botswana,53.365700000000004
100,2011-01-01,Botswana,100.667978
101,2012-01-01,Botswana,119.478885
102,2013-01-01,Botswana,193.8576
103,2014-01-01,Botswana,214.820932
104,2015-01-01,Botswana,138.734945
105,2016-01-01,Botswana,62.142098
106,2017-01-01,Botswana,33.548493
107,2018-01-01,Botswana,14.229756
108,1992-01-01,Burkina Faso,12.778205000000002
109,1993-01-01,Burkina Faso,0.0006460000000000001
110,1994-01-01,Burkina Faso,0.0
111,1995-01-01,Burkina Faso,0.0
112,1996-01-01,Burkina Faso,0.0
113,1997-01-01,Burkina Faso,0.18112799999999998
114,1998-01-01,Burkina Faso,4.258755000000001
115,1999-01-01,Burkina Faso,1.997249
116,2000-01-01,Burkina Faso,0.0
117,2001-01-01,Burkina Faso,0.0
118,2002-01-01,Burkina Faso,0.701662
119,2003-01-01,Burkina Faso,32.340432
120,2004-01-01,Burkina Faso,124.111964
121,2005-01-01,Burkina Faso,163.266398
122,2006-01-01,Burkina Faso,193.312963
123,2007-01-01,Burkina Faso,155.039766
124,2008-01-01,Burkina Faso,62.48377
125,2009-01-01,Burkina Faso,116.17519399999999
126,2010-01-01,Burkina Faso,121.094433
127,2011-01-01,Burkina Faso,182.40845099999999
128,2012-01-01,Burkina Faso,232.656312
129,2013-01-01,Burkina Faso,186.891061
130,2014-01-01,Burkina Faso,123.90395
131,2015-01-01,Burkina Faso,44.064898
132,2016-01-01,Burkina Faso,13.999131
133,2017-01-01,Burkina Faso,20.436214
134,2018-01-01,Burkina Faso,95.735845
135,1992-01-01,Burundi,0.020556
136,1993-01-01,Burundi,0.048612999999999996
137,1994-01-01,Burundi,0.053604
138,1995-01-01,Burundi,0.007503999999999999
139,1996-01-01,Burundi,0.002246
140,1997-01-01,Burundi,0.0
141,1998-01-01,Burundi,0.0
142,1999-01-01,Burundi,0.0
143,2000-01-01,Burundi,1.11904
144,2001-01-01,Burundi,0.002379
145,2002-01-01,Burundi,0.49073100000000003
146,2003-01-01,Burundi,1.734586
147,2004-01-01,Burundi,0.318687
148,2005-01-01,Burundi,0.32708200000000004
149,2006-01-01,Burundi,1.746395
150,2007-01-01,Burundi,0.673626
151,2008-01-01,Burundi,0.121419
152,2009-01-01,Burundi,0.9690770000000001
153,2010-01-01,Burundi,3.458396
154,2011-01-01,Burundi,13.748216000000001
155,2012-01-01,Burundi,10.677713
156,2013-01-01,Burundi,9.306830999999999
157,2014-01-01,Burundi,4.143095000000001
158,2015-01-01,Burundi,2.815539
159,2016-01-01,Burundi,2.736689
160,2017-01-01,Burundi,6.929048
161,2018-01-01,Burundi,11.931415
162,1992-01-01,Cote d'Ivoire,2.337314
163,1993-01-01,Cote d'Ivoire,4.185985
164,1994-01-01,Cote d'Ivoire,3.943646
165,1995-01-01,Cote d'Ivoire,0.437263
166,1996-01-01,Cote d'Ivoire,9.997126
167,1997-01-01,Cote d'Ivoire,31.70727
168,1998-01-01,Cote d'Ivoire,24.061441
169,1999-01-01,Cote d'Ivoire,7.9273940000000005
170,2000-01-01,Cote d'Ivoire,7.2493
171,2001-01-01,Cote d'Ivoire,7.7747399999999995
172,2002-01-01,Cote d'Ivoire,14.131153000000001
173,2003-01-01,Cote d'Ivoire,36.757706
174,2004-01-01,Cote d'Ivoire,108.454807
175,2005-01-01,Cote d'Ivoire,85.085258
176,2006-01-01,Cote d'Ivoire,125.488509
177,2007-01-01,Cote d'Ivoire,40.636513
178,2008-01-01,Cote d'Ivoire,70.580413
179,2009-01-01,Cote d'Ivoire,62.760509000000006
180,2010-01-01,Cote d'Ivoire,110.528625
181,2011-01-01,Cote d'Ivoire,162.103105
182,2012-01-01,Cote d'Ivoire,142.55557199999998
183,2013-01-01,Cote d'Ivoire,257.133042
184,2014-01-01,Cote d'Ivoire,215.998306
185,2015-01-01,Cote d'Ivoire,144.109478
186,2016-01-01,Cote d'Ivoire,101.381256
187,2017-01-01,Cote d'Ivoire,157.91
188,2018-01-01,Cote d'Ivoire,254.377396
189,1992-01-01,Cabo Verde,0.0
190,1993-01-01,Cabo Verde,0.0
191,1994-01-01,Cabo Verde,0.0
192,1995-01-01,Cabo Verde,0.0
193,1996-01-01,Cabo Verde,0.0
194,1997-01-01,Cabo Verde,0.0
195,1998-01-01,Cabo Verde,0.0
196,1999-01-01,Cabo Verde,0.0
197,2000-01-01,Cabo Verde,0.0
198,2001-01-01,Cabo Verde,0.0
199,2002-01-01,Cabo Verde,0.00026199999999999997
200,2003-01-01,Cabo Verde,0.000353
201,2004-01-01,Cabo Verde,0.0
202,2005-01-01,Cabo Verde,0.0
203,2006-01-01,Cabo Verde,0.000344
204,2007-01-01,Cabo Verde,4.9999999999999996e-05
205,2008-01-01,Cabo Verde,0.0
206,2009-01-01,Cabo Verde,0.000193
207,2010-01-01,Cabo Verde,0.01206
208,2011-01-01,Cabo Verde,0.012062000000000002
209,2012-01-01,Cabo Verde,0.0011149999999999999
210,2013-01-01,Cabo Verde,0.00016
211,2014-01-01,Cabo Verde,0.0030199999999999997
212,2015-01-01,Cabo Verde,0.022606
213,2016-01-01,Cabo Verde,0.083281
214,2017-01-01,Cabo Verde,0.00801
215,2018-01-01,Cabo Verde,0.290464
216,1992-01-01,Cameroon,16.041751
217,1993-01-01,Cameroon,0.076954
218,1994-01-01,Cameroon,9.138439
219,1995-01-01,Cameroon,27.569261
220,1996-01-01,Cameroon,35.030123
221,1997-01-01,Cameroon,98.375237
222,1998-01-01,Cameroon,48.645767
223,1999-01-01,Cameroon,76.31379700000001
224,2000-01-01,Cameroon,138.02753900000002
225,2001-01-01,Cameroon,183.698792
226,2002-01-01,Cameroon,114.65679
227,2003-01-01,Cameroon,115.222488
228,2004-01-01,Cameroon,148.905979
229,2005-01-01,Cameroon,66.753332
230,2006-01-01,Cameroon,199.662643
231,2007-01-01,Cameroon,160.017569
232,2008-01-01,Cameroon,479.190637
233,2009-01-01,Cameroon,397.667764
234,2010-01-01,Cameroon,460.903575
235,2011-01-01,Cameroon,662.949235
236,2012-01-01,Cameroon,890.431771
237,2013-01-01,Cameroon,366.168547
238,2014-01-01,Cameroon,688.8768309999999
239,2015-01-01,Cameroon,781.615344
240,2016-01-01,Cameroon,402.230109
241,2017-01-01,Cameroon,508.503058
242,2018-01-01,Cameroon,1095.691368
243,1992-01-01,Central African Rep.,0.008525999999999999
244,1993-01-01,Central African Rep.,0.058020999999999996
245,1994-01-01,Central African Rep.,0.16853300000000002
246,1995-01-01,Central African Rep.,0.16183899999999998
247,1996-01-01,Central African Rep.,2.848702
248,1997-01-01,Central African Rep.,1.078093
249,1998-01-01,Central African Rep.,0.009606
250,1999-01-01,Central African Rep.,0.0
251,2000-01-01,Central African Rep.,0.30069599999999996
252,2001-01-01,Central African Rep.,1.38967
253,2002-01-01,Central African Rep.,1.257013
254,2003-01-01,Central African Rep.,2.3125289999999996
255,2004-01-01,Central African Rep.,6.245299999999999
256,2005-01-01,Central African Rep.,8.990376
257,2006-01-01,Central African Rep.,8.608876
258,2007-01-01,Central African Rep.,6.611853
259,2008-01-01,Central African Rep.,21.438597
260,2009-01-01,Central African Rep.,14.645378000000001
261,2010-01-01,Central African Rep.,25.164044999999998
262,2011-01-01,Central African Rep.,28.137863999999997
263,2012-01-01,Central African Rep.,48.619399
264,2013-01-01,Central African Rep.,40.649156
265,2014-01-01,Central African Rep.,29.2728
266,2015-01-01,Central African Rep.,26.531973
267,2016-01-01,Central African Rep.,31.56517
268,2017-01-01,Central African Rep.,28.107918
269,2018-01-01,Central African Rep.,54.109277
270,1992-01-01,Chad,0.856159
271,1993-01-01,Chad,0.011182000000000001
272,1994-01-01,Chad,0.003015
273,1995-01-01,Chad,1.1871909999999999
274,1996-01-01,Chad,0.49692400000000003
275,1997-01-01,Chad,1.597924
276,1998-01-01,Chad,0.0
277,1999-01-01,Chad,0.0
278,2000-01-01,Chad,0.013876000000000001
279,2001-01-01,Chad,0.010816
280,2002-01-01,Chad,1.534314
281,2003-01-01,Chad,2.837824
282,2004-01-01,Chad,222.585779
283,2005-01-01,Chad,191.083375
284,2006-01-01,Chad,260.313008
285,2007-01-01,Chad,84.069391
286,2008-01-01,Chad,41.604208
287,2009-01-01,Chad,65.36734399999999
288,2010-01-01,Chad,495.79704000000004
289,2011-01-01,Chad,265.318912
290,2012-01-01,Chad,220.729086
291,2013-01-01,Chad,103.500226
292,2014-01-01,Chad,108.34170999999999
293,2015-01-01,Chad,90.692359
294,2016-01-01,Chad,114.908269
295,2017-01-01,Chad,279.913925
296,2018-01-01,Chad,93.922218
297,1992-01-01,Comoros,0.037985000000000005
298,1993-01-01,Comoros,0.012528
299,1994-01-01,Comoros,0.006878
300,1995-01-01,Comoros,0.0
301,1996-01-01,Comoros,0.0
302,1997-01-01,Comoros,0.000683
303,1998-01-01,Comoros,0.0
304,1999-01-01,Comoros,0.0
305,2000-01-01,Comoros,0.005256
306,2001-01-01,Comoros,0.041693
307,2002-01-01,Comoros,0.0
308,2003-01-01,Comoros,0.00064
309,2004-01-01,Comoros,0.0
310,2005-01-01,Comoros,0.000583
311,2006-01-01,Comoros,0.000683
312,2007-01-01,Comoros,0.001773
313,2008-01-01,Comoros,0.0
314,2009-01-01,Comoros,0.002496
315,2010-01-01,Comoros,0.024089
316,2011-01-01,Comoros,0.006874
317,2012-01-01,Comoros,0.006181
318,2013-01-01,Comoros,0.007795000000000001
319,2014-01-01,Comoros,0.008950000000000001
320,2015-01-01,Comoros,0.02221
321,2016-01-01,Comoros,0.013151
322,2017-01-01,Comoros,0.03756
323,2018-01-01,Comoros,0.027965
324,1992-01-01,Congo,0.441067
325,1993-01-01,Congo,6.42051
326,1994-01-01,Congo,1.977665
327,1995-01-01,Congo,3.445776
328,1996-01-01,Congo,17.50712
329,1997-01-01,Congo,151.99284699999998
330,1998-01-01,Congo,41.327034
331,1999-01-01,Congo,59.930136000000005
332,2000-01-01,Congo,323.715357
333,2001-01-01,Congo,181.403802
334,2002-01-01,Congo,251.274424
335,2003-01-01,Congo,814.658692
336,2004-01-01,Congo,1569.060979
337,2005-01-01,Congo,2278.0298970000003
338,2006-01-01,Congo,2791.64167
339,2007-01-01,Congo,2836.6961119999996
340,2008-01-01,Congo,3731.7014099999997
341,2009-01-01,Congo,1738.812252
342,2010-01-01,Congo,3122.346533
343,2011-01-01,Congo,4672.291086
344,2012-01-01,Congo,4555.407364
345,2013-01-01,Congo,5712.190624
346,2014-01-01,Congo,5479.017995
347,2015-01-01,Congo,2623.858411
348,2016-01-01,Congo,2333.002484
349,2017-01-01,Congo,3962.065354
350,2018-01-01,Congo,6702.542008
351,1992-01-01,Dem. Rep. of the Congo,5.601239
352,1993-01-01,Dem. Rep. of the Congo,3.040661
353,1994-01-01,Dem. Rep. of the Congo,2.459436
354,1995-01-01,Dem. Rep. of the Congo,1.456813
355,1996-01-01,Dem. Rep. of the Congo,1.739852
356,1997-01-01,Dem. Rep. of the Congo,1.907045
357,1998-01-01,Dem. Rep. of the Congo,2.2414140000000002
358,1999-01-01,Dem. Rep. of the Congo,1.316426
359,2000-01-01,Dem. Rep. of the Congo,0.975184
360,2001-01-01,Dem. Rep. of the Congo,7.885232000000001
361,2002-01-01,Dem. Rep. of the Congo,12.473266
362,2003-01-01,Dem. Rep. of the Congo,26.241576
363,2004-01-01,Dem. Rep. of the Congo,99.584853
364,2005-01-01,Dem. Rep. of the Congo,175.77199199999998
365,2006-01-01,Dem. Rep. of the Congo,368.550111
366,2007-01-01,Dem. Rep. of the Congo,460.17598799999996
367,2008-01-01,Dem. Rep. of the Congo,1583.860124
368,2009-01-01,Dem. Rep. of the Congo,1136.447612
369,2010-01-01,Dem. Rep. of the Congo,2505.716427
370,2011-01-01,Dem. Rep. of the Congo,3161.987572
371,2012-01-01,Dem. Rep. of the Congo,3527.0951840000002
372,2013-01-01,Dem. Rep. of the Congo,2745.65511
373,2014-01-01,Dem. Rep. of the Congo,2815.742108
374,2015-01-01,Dem. Rep. of the Congo,2627.427301
375,2016-01-01,Dem. Rep. of the Congo,2084.962098
376,2017-01-01,Dem. Rep. of the Congo,3289.989305
377,2018-01-01,Dem. Rep. of the Congo,5682.944652
378,1992-01-01,Djibouti,0.006372
379,1993-01-01,Djibouti,0.138991
380,1994-01-01,Djibouti,0.10218999999999999
381,1995-01-01,Djibouti,0.13417400000000002
382,1996-01-01,Djibouti,0.0
383,1997-01-01,Djibouti,0.004675
384,1998-01-01,Djibouti,0.004972
385,1999-01-01,Djibouti,0.001593
386,2000-01-01,Djibouti,0.022255999999999998
387,2001-01-01,Djibouti,0.321697
388,2002-01-01,Djibouti,0.021149
389,2003-01-01,Djibouti,0.148692
390,2004-01-01,Djibouti,0.514334
391,2005-01-01,Djibouti,0.5360649999999999
392,2006-01-01,Djibouti,0.383907
393,2007-01-01,Djibouti,1.639492
394,2008-01-01,Djibouti,1.7915489999999998
395,2009-01-01,Djibouti,0.109578
396,2010-01-01,Djibouti,0.690795
397,2011-01-01,Djibouti,0.176023
398,2012-01-01,Djibouti,0.6174149999999999
399,2013-01-01,Djibouti,0.273727
400,2014-01-01,Djibouti,1.684901
401,2015-01-01,Djibouti,0.898189
402,2016-01-01,Djibouti,0.1341
403,2017-01-01,Djibouti,0.015498
404,2018-01-01,Djibouti,0.204482
405,1992-01-01,Egypt,1.088866
406,1993-01-01,Egypt,24.233924000000002
407,1994-01-01,Egypt,15.185365
408,1995-01-01,Egypt,13.062809999999999
409,1996-01-01,Egypt,3.4171280000000004
410,1997-01-01,Egypt,56.697086
411,1998-01-01,Egypt,31.692943
412,1999-01-01,Egypt,34.357662999999995
413,2000-01-01,Egypt,102.066343
414,2001-01-01,Egypt,80.31832899999999
415,2002-01-01,Egypt,91.854383
416,2003-01-01,Egypt,152.820992
417,2004-01-01,Egypt,187.93572799999998
418,2005-01-01,Egypt,211.135885
419,2006-01-01,Egypt,216.76881600000002
420,2007-01-01,Egypt,239.739333
421,2008-01-01,Egypt,428.939103
422,2009-01-01,Egypt,752.542778
423,2010-01-01,Egypt,917.9301899999999
424,2011-01-01,Egypt,1518.340176
425,2012-01-01,Egypt,1320.736724
426,2013-01-01,Egypt,1851.60676
427,2014-01-01,Egypt,1159.329156
428,2015-01-01,Egypt,917.84408
429,2016-01-01,Egypt,553.212429
430,2017-01-01,Egypt,1341.934131
431,2018-01-01,Egypt,1834.527721
432,1992-01-01,Equatorial Guinea,0.08004399999999999
433,1993-01-01,Equatorial Guinea,0.028000999999999998
434,1994-01-01,Equatorial Guinea,0.097694
435,1995-01-01,Equatorial Guinea,12.633236
436,1996-01-01,Equatorial Guinea,15.601149
437,1997-01-01,Equatorial Guinea,77.48776000000001
438,1998-01-01,Equatorial Guinea,68.907888
439,1999-01-01,Equatorial Guinea,167.101673
440,2000-01-01,Equatorial Guinea,319.477975
441,2001-01-01,Equatorial Guinea,508.580964
442,2002-01-01,Equatorial Guinea,382.726097
443,2003-01-01,Equatorial Guinea,411.88653200000005
444,2004-01-01,Equatorial Guinea,996.649809
445,2005-01-01,Equatorial Guinea,1437.833974
446,2006-01-01,Equatorial Guinea,2537.5916639999996
447,2007-01-01,Equatorial Guinea,1697.2833460000002
448,2008-01-01,Equatorial Guinea,2267.871882
449,2009-01-01,Equatorial Guinea,1055.071473
450,2010-01-01,Equatorial Guinea,598.657025
451,2011-01-01,Equatorial Guinea,1672.94744
452,2012-01-01,Equatorial Guinea,1822.803333
453,2013-01-01,Equatorial Guinea,2469.91795
454,2014-01-01,Equatorial Guinea,3217.190248
455,2015-01-01,Equatorial Guinea,1166.496464
456,2016-01-01,Equatorial Guinea,631.851506
457,2017-01-01,Equatorial Guinea,1483.835026
458,2018-01-01,Equatorial Guinea,2131.555877
459,1992-01-01,Eritrea,0.0
460,1993-01-01,Eritrea,0.0
461,1994-01-01,Eritrea,0.0
462,1995-01-01,Eritrea,0.0
463,1996-01-01,Eritrea,0.0
464,1997-01-01,Eritrea,0.0
465,1998-01-01,Eritrea,0.035738000000000006
466,1999-01-01,Eritrea,0.019212
467,2000-01-01,Eritrea,0.0
468,2001-01-01,Eritrea,0.009445
469,2002-01-01,Eritrea,0.004854
470,2003-01-01,Eritrea,0.000464
471,2004-01-01,Eritrea,0.51054
472,2005-01-01,Eritrea,0.40840800000000005
473,2006-01-01,Eritrea,0.708114
474,2007-01-01,Eritrea,2.5186800000000003
475,2008-01-01,Eritrea,2.473851
476,2009-01-01,Eritrea,0.422234
477,2010-01-01,Eritrea,1.054121
478,2011-01-01,Eritrea,0.870583
479,2012-01-01,Eritrea,1.259387
480,2013-01-01,Eritrea,50.934222
481,2014-01-01,Eritrea,322.73329
482,2015-01-01,Eritrea,178.730319
483,2016-01-01,Eritrea,175.474877
484,2017-01-01,Eritrea,170.690324
485,2018-01-01,Eritrea,314.577955
486,1992-01-01,Ethiopia,0.0
487,1993-01-01,Ethiopia,0.0028
488,1994-01-01,Ethiopia,0.03863
489,1995-01-01,Ethiopia,0.605554
490,1996-01-01,Ethiopia,0.20536
491,1997-01-01,Ethiopia,0.626598
492,1998-01-01,Ethiopia,0.476654
493,1999-01-01,Ethiopia,0.769058
494,2000-01-01,Ethiopia,2.8717
495,2001-01-01,Ethiopia,1.769685
496,2002-01-01,Ethiopia,3.685135
497,2003-01-01,Ethiopia,4.738059
498,2004-01-01,Ethiopia,14.386456
499,2005-01-01,Ethiopia,85.70898000000001
500,2006-01-01,Ethiopia,131.823476
501,2007-01-01,Ethiopia,87.130422
502,2008-01-01,Ethiopia,81.656179
503,2009-01-01,Ethiopia,214.755559
504,2010-01-01,Ethiopia,273.97031100000004
505,2011-01-01,Ethiopia,292.059109
506,2012-01-01,Ethiopia,309.365546
507,2013-01-01,Ethiopia,315.68755
508,2014-01-01,Ethiopia,489.90461
509,2015-01-01,Ethiopia,380.349712
510,2016-01-01,Ethiopia,419.419894
511,2017-01-01,Ethiopia,357.582736
512,2018-01-01,Ethiopia,345.312966
513,1992-01-01,Fmr Sudan,9.227045
514,1993-01-01,Fmr Sudan,0.13933199999999998
515,1994-01-01,Fmr Sudan,53.129699
516,1995-01-01,Fmr Sudan,74.507218
517,1996-01-01,Fmr Sudan,38.482814999999995
518,1997-01-01,Fmr Sudan,23.005078
519,1998-01-01,Fmr Sudan,1.467063
520,1999-01-01,Fmr Sudan,53.294380000000004
521,2000-01-01,Fmr Sudan,731.728392
522,2001-01-01,Fmr Sudan,938.126876
523,2002-01-01,Fmr Sudan,1157.585383
524,2003-01-01,Fmr Sudan,1441.821413
525,2004-01-01,Fmr Sudan,1705.876565
526,2005-01-01,Fmr Sudan,2614.461953
527,2006-01-01,Fmr Sudan,1943.4817209999999
528,2007-01-01,Fmr Sudan,4171.239208
529,2008-01-01,Fmr Sudan,6325.889462
530,2009-01-01,Fmr Sudan,4684.821913000001
531,2010-01-01,Fmr Sudan,6671.907015999999
532,2011-01-01,Fmr Sudan,9541.533519
533,2012-01-01,Fmr Sudan,0.0
534,2013-01-01,Fmr Sudan,0.0
535,2014-01-01,Fmr Sudan,0.0
536,2015-01-01,Fmr Sudan,0.0
537,2016-01-01,Fmr Sudan,0.0
538,2017-01-01,Fmr Sudan,0.0
539,2018-01-01,Fmr Sudan,0.0
540,1992-01-01,Gabon,48.239047
541,1993-01-01,Gabon,67.812129
542,1994-01-01,Gabon,86.70371899999999
543,1995-01-01,Gabon,123.25483
544,1996-01-01,Gabon,184.875197
545,1997-01-01,Gabon,313.134077
546,1998-01-01,Gabon,147.17051
547,1999-01-01,Gabon,279.11728600000004
548,2000-01-01,Gabon,337.273727
549,2001-01-01,Gabon,259.354401
550,2002-01-01,Gabon,231.94337000000002
551,2003-01-01,Gabon,300.60334
552,2004-01-01,Gabon,400.28579399999995
553,2005-01-01,Gabon,351.678008
554,2006-01-01,Gabon,816.760812
555,2007-01-01,Gabon,1095.733303
556,2008-01-01,Gabon,1792.6127510000001
557,2009-01-01,Gabon,713.88611
558,2010-01-01,Gabon,969.744221
559,2011-01-01,Gabon,577.975724
560,2012-01-01,Gabon,618.0941680000001
561,2013-01-01,Gabon,898.643501
562,2014-01-01,Gabon,1607.576573
563,2015-01-01,Gabon,1100.194341
564,2016-01-01,Gabon,1439.078974
565,2017-01-01,Gabon,2293.610995
566,2018-01-01,Gabon,2964.328252
567,1992-01-01,Gambia,0.11491699999999999
568,1993-01-01,Gambia,0.33655799999999997
569,1994-01-01,Gambia,0.030624
570,1995-01-01,Gambia,0.070645
571,1996-01-01,Gambia,0.0
572,1997-01-01,Gambia,0.0
573,1998-01-01,Gambia,0.0
574,1999-01-01,Gambia,0.0
575,2000-01-01,Gambia,0.0
576,2001-01-01,Gambia,0.0
577,2002-01-01,Gambia,0.0
578,2003-01-01,Gambia,1.548765
579,2004-01-01,Gambia,0.12430500000000001
580,2005-01-01,Gambia,0.170378
581,2006-01-01,Gambia,0.445849
582,2007-01-01,Gambia,8.688260999999999
583,2008-01-01,Gambia,3.164165
584,2009-01-01,Gambia,6.639505000000001
585,2010-01-01,Gambia,14.998147
586,2011-01-01,Gambia,54.101423000000004
587,2012-01-01,Gambia,84.712711
588,2013-01-01,Gambia,77.977808
589,2014-01-01,Gambia,37.932266
590,2015-01-01,Gambia,55.789251
591,2016-01-01,Gambia,90.094547
592,2017-01-01,Gambia,99.052161
593,2018-01-01,Gambia,20.062361
594,1992-01-01,Ghana,5.305577
595,1993-01-01,Ghana,6.407972
596,1994-01-01,Ghana,25.222104
597,1995-01-01,Ghana,4.914107
598,1996-01-01,Ghana,3.353989
599,1997-01-01,Ghana,2.528767
600,1998-01-01,Ghana,8.523648
601,1999-01-01,Ghana,4.814918
602,2000-01-01,Ghana,14.993971
603,2001-01-01,Ghana,36.60075
604,2002-01-01,Ghana,30.14544
605,2003-01-01,Ghana,34.309463
606,2004-01-01,Ghana,80.383412
607,2005-01-01,Ghana,96.006327
608,2006-01-01,Ghana,79.677895
609,2007-01-01,Ghana,53.522024
610,2008-01-01,Ghana,93.400315
611,2009-01-01,Ghana,79.622438
612,2010-01-01,Ghana,123.382182
613,2011-01-01,Ghana,363.184865
614,2012-01-01,Ghana,643.54798
615,2013-01-01,Ghana,1203.330219
616,2014-01-01,Ghana,1452.597286
617,2015-01-01,Ghana,1296.470657
618,2016-01-01,Ghana,1309.64987
619,2017-01-01,Ghana,1852.939054
620,2018-01-01,Ghana,2426.140256
621,1992-01-01,Guinea,0.162473
622,1993-01-01,Guinea,14.511982999999999
623,1994-01-01,Guinea,13.531804
624,1995-01-01,Guinea,2.055499
625,1996-01-01,Guinea,3.747352
626,1997-01-01,Guinea,35.979485
627,1998-01-01,Guinea,0.949354
628,1999-01-01,Guinea,7.906491
629,2000-01-01,Guinea,0.020997
630,2001-01-01,Guinea,0.042512999999999995
631,2002-01-01,Guinea,11.535848
632,2003-01-01,Guinea,10.451920999999999
633,2004-01-01,Guinea,14.794647
634,2005-01-01,Guinea,3.0020540000000002
635,2006-01-01,Guinea,12.281279000000001
636,2007-01-01,Guinea,92.356843
637,2008-01-01,Guinea,25.302691
638,2009-01-01,Guinea,6.239559000000001
639,2010-01-01,Guinea,54.99739700000001
640,2011-01-01,Guinea,15.567159
641,2012-01-01,Guinea,10.994622000000001
642,2013-01-01,Guinea,84.091702
643,2014-01-01,Guinea,41.344713999999996
644,2015-01-01,Guinea,25.933184
645,2016-01-01,Guinea,630.056941
646,2017-01-01,Guinea,1466.753446
647,2018-01-01,Guinea,2246.147769
648,1992-01-01,Guinea-Bissau,0.0
649,1993-01-01,Guinea-Bissau,1.0511629999999998
650,1994-01-01,Guinea-Bissau,0.911339
651,1995-01-01,Guinea-Bissau,0.003214
652,1996-01-01,Guinea-Bissau,0.0
653,1997-01-01,Guinea-Bissau,1.0386090000000001
654,1998-01-01,Guinea-Bissau,0.0
655,1999-01-01,Guinea-Bissau,0.19551000000000002
656,2000-01-01,Guinea-Bissau,0.1817
657,2001-01-01,Guinea-Bissau,0.0
658,2002-01-01,Guinea-Bissau,0.0
659,2003-01-01,Guinea-Bissau,0.0
660,2004-01-01,Guinea-Bissau,0.029251000000000003
661,2005-01-01,Guinea-Bissau,0.0
662,2006-01-01,Guinea-Bissau,6.400000000000001e-05
663,2007-01-01,Guinea-Bissau,0.17299399999999998
664,2008-01-01,Guinea-Bissau,1.242562
665,2009-01-01,Guinea-Bissau,1.6171829999999998
666,2010-01-01,Guinea-Bissau,3.86287
667,2011-01-01,Guinea-Bissau,4.112691
668,2012-01-01,Guinea-Bissau,6.6334599999999995
669,2013-01-01,Guinea-Bissau,16.827742999999998
670,2014-01-01,Guinea-Bissau,49.956236000000004
671,2015-01-01,Guinea-Bissau,17.812428
672,2016-01-01,Guinea-Bissau,0.161227
673,2017-01-01,Guinea-Bissau,0.402375
674,2018-01-01,Guinea-Bissau,7.638682
675,1992-01-01,Kenya,2.239258
676,1993-01-01,Kenya,3.847613
677,1994-01-01,Kenya,4.672468
678,1995-01-01,Kenya,1.385987
679,1996-01-01,Kenya,0.871738
680,1997-01-01,Kenya,1.1813850000000001
681,1998-01-01,Kenya,1.4923009999999999
682,1999-01-01,Kenya,4.914732
683,2000-01-01,Kenya,3.849791
684,2001-01-01,Kenya,5.87761
685,2002-01-01,Kenya,5.7978
686,2003-01-01,Kenya,8.735702
687,2004-01-01,Kenya,16.969229
688,2005-01-01,Kenya,17.652134
689,2006-01-01,Kenya,24.415592999999998
690,2007-01-01,Kenya,28.111587
691,2008-01-01,Kenya,34.722717
692,2009-01-01,Kenya,29.661843
693,2010-01-01,Kenya,39.207733000000005
694,2011-01-01,Kenya,59.690991
695,2012-01-01,Kenya,52.407939
696,2013-01-01,Kenya,52.78289
697,2014-01-01,Kenya,77.033019
698,2015-01-01,Kenya,98.743024
699,2016-01-01,Kenya,97.135495
700,2017-01-01,Kenya,166.82024
701,2018-01-01,Kenya,174.199705
702,1992-01-01,Lesotho,0.0
703,1993-01-01,Lesotho,0.0
704,1994-01-01,Lesotho,0.0
705,1995-01-01,Lesotho,0.0
706,1996-01-01,Lesotho,0.0
707,1997-01-01,Lesotho,0.0
708,1998-01-01,Lesotho,0.0
709,1999-01-01,Lesotho,0.0
710,2000-01-01,Lesotho,0.05121
711,2001-01-01,Lesotho,1.128751
712,2002-01-01,Lesotho,0.0
713,2003-01-01,Lesotho,0.00103
714,2004-01-01,Lesotho,0.000547
715,2005-01-01,Lesotho,0.330851
716,2006-01-01,Lesotho,1.2803280000000001
717,2007-01-01,Lesotho,1.24366
718,2008-01-01,Lesotho,1.697862
719,2009-01-01,Lesotho,1.682823
720,2010-01-01,Lesotho,4.528932
721,2011-01-01,Lesotho,7.410926
722,2012-01-01,Lesotho,5.417903
723,2013-01-01,Lesotho,13.412649
724,2014-01-01,Lesotho,12.080518999999999
725,2015-01-01,Lesotho,12.002781
726,2016-01-01,Lesotho,19.64394
727,2017-01-01,Lesotho,24.846786
728,2018-01-01,Lesotho,30.10386
729,1992-01-01,Liberia,0.000723
730,1993-01-01,Liberia,5.363704
731,1994-01-01,Liberia,1.249558
732,1995-01-01,Liberia,0.097848
733,1996-01-01,Liberia,0.0
734,1997-01-01,Liberia,0.13406200000000001
735,1998-01-01,Liberia,0.0
736,1999-01-01,Liberia,0.001147
737,2000-01-01,Liberia,35.286327
738,2001-01-01,Liberia,28.78676
739,2002-01-01,Liberia,55.586404
740,2003-01-01,Liberia,41.954581
741,2004-01-01,Liberia,16.519461
742,2005-01-01,Liberia,14.170059
743,2006-01-01,Liberia,1.9280840000000001
744,2007-01-01,Liberia,3.277249
745,2008-01-01,Liberia,5.935699
746,2009-01-01,Liberia,3.959133
747,2010-01-01,Liberia,22.482685
748,2011-01-01,Liberia,41.244693999999996
749,2012-01-01,Liberia,229.945366
750,2013-01-01,Liberia,164.41751499999998
751,2014-01-01,Liberia,288.43857299999996
752,2015-01-01,Liberia,172.168095
753,2016-01-01,Liberia,48.171157
754,2017-01-01,Liberia,28.857194
755,2018-01-01,Liberia,89.245393
756,1992-01-01,Libya,89.795366
757,1993-01-01,Libya,121.28825
758,1994-01-01,Libya,2.564579
759,1995-01-01,Libya,71.955512
760,1996-01-01,Libya,55.736647
761,1997-01-01,Libya,16.931563999999998
762,1998-01-01,Libya,21.539321
763,1999-01-01,Libya,16.867987
764,2000-01-01,Libya,25.061401
765,2001-01-01,Libya,54.200725999999996
766,2002-01-01,Libya,1.218079
767,2003-01-01,Libya,40.946315
768,2004-01-01,Libya,416.758168
769,2005-01-01,Libya,941.718847
770,2006-01-01,Libya,1693.945966
771,2007-01-01,Libya,1547.495236
772,2008-01-01,Libya,2588.993333
773,2009-01-01,Libya,3173.884051
774,2010-01-01,Libya,4515.614893000001
775,2011-01-01,Libya,2063.575283
776,2012-01-01,Libya,6375.90167
777,2013-01-01,Libya,2038.928004
778,2014-01-01,Libya,726.370287
779,2015-01-01,Libya,951.54955
780,2016-01-01,Libya,345.620186
781,2017-01-01,Libya,1362.657776
782,2018-01-01,Libya,4742.280287
783,1992-01-01,Madagascar,1.76189
784,1993-01-01,Madagascar,1.352056
785,1994-01-01,Madagascar,0.970015
786,1995-01-01,Madagascar,5.240464
787,1996-01-01,Madagascar,3.0841879999999997
788,1997-01-01,Madagascar,3.196253
789,1998-01-01,Madagascar,1.7454669999999999
790,1999-01-01,Madagascar,4.908891000000001
791,2000-01-01,Madagascar,6.452202
792,2001-01-01,Madagascar,8.839954
793,2002-01-01,Madagascar,11.319532
794,2003-01-01,Madagascar,6.95603
795,2004-01-01,Madagascar,14.081299
796,2005-01-01,Madagascar,13.997353
797,2006-01-01,Madagascar,23.810034
798,2007-01-01,Madagascar,29.662011
799,2008-01-01,Madagascar,65.171536
800,2009-01-01,Madagascar,54.821973
801,2010-01-01,Madagascar,105.382497
802,2011-01-01,Madagascar,103.38856
803,2012-01-01,Madagascar,114.442664
804,2013-01-01,Madagascar,173.906315
805,2014-01-01,Madagascar,118.095732
806,2015-01-01,Madagascar,171.132242
807,2016-01-01,Madagascar,160.793418
808,2017-01-01,Madagascar,227.093068
809,2018-01-01,Madagascar,214.70659
810,1992-01-01,Malawi,0.886393
811,1993-01-01,Malawi,0.0
812,1994-01-01,Malawi,0.0
813,1995-01-01,Malawi,0.0021969999999999997
814,1996-01-01,Malawi,0.223005
815,1997-01-01,Malawi,0.656271
816,1998-01-01,Malawi,0.0
817,1999-01-01,Malawi,0.0
818,2000-01-01,Malawi,0.0
819,2001-01-01,Malawi,0.40254199999999996
820,2002-01-01,Malawi,0.6051420000000001
821,2003-01-01,Malawi,0.008797000000000001
822,2004-01-01,Malawi,0.044545
823,2005-01-01,Malawi,2.067729
824,2006-01-01,Malawi,0.9859330000000001
825,2007-01-01,Malawi,0.758947
826,2008-01-01,Malawi,8.111324
827,2009-01-01,Malawi,16.989942
828,2010-01-01,Malawi,31.475698000000005
829,2011-01-01,Malawi,46.036472
830,2012-01-01,Malawi,47.503176
831,2013-01-01,Malawi,38.420984999999995
832,2014-01-01,Malawi,34.142956000000005
833,2015-01-01,Malawi,29.60464
834,2016-01-01,Malawi,26.116888
835,2017-01-01,Malawi,27.326144
836,2018-01-01,Malawi,27.355541
837,1992-01-01,Mali,34.907615
838,1993-01-01,Mali,0.0
839,1994-01-01,Mali,9.094365
840,1995-01-01,Mali,36.342654
841,1996-01-01,Mali,13.611796
842,1997-01-01,Mali,27.480847
843,1998-01-01,Mali,4.8639399999999995
844,1999-01-01,Mali,1.3578839999999999
845,2000-01-01,Mali,0.405538
846,2001-01-01,Mali,1.01913
847,2002-01-01,Mali,1.730295
848,2003-01-01,Mali,28.390044
849,2004-01-01,Mali,106.75491500000001
850,2005-01-01,Mali,79.25022299999999
851,2006-01-01,Mali,114.239749
852,2007-01-01,Mali,35.895378
853,2008-01-01,Mali,62.951572999999996
854,2009-01-01,Mali,37.048736
855,2010-01-01,Mali,70.41072
856,2011-01-01,Mali,149.59471699999997
857,2012-01-01,Mali,331.685364
858,2013-01-01,Mali,152.467771
859,2014-01-01,Mali,95.65051700000001
860,2015-01-01,Mali,92.988512
861,2016-01-01,Mali,98.701243
862,2017-01-01,Mali,67.877242
863,2018-01-01,Mali,88.509008
864,1992-01-01,Mauritania,0.08152799999999999
865,1993-01-01,Mauritania,0.0
866,1994-01-01,Mauritania,0.041198
867,1995-01-01,Mauritania,0.513278
868,1996-01-01,Mauritania,0.19744799999999998
869,1997-01-01,Mauritania,0.412802
870,1998-01-01,Mauritania,1.2092800000000001
871,1999-01-01,Mauritania,4.85029
872,2000-01-01,Mauritania,4.94524
873,2001-01-01,Mauritania,4.369173
874,2002-01-01,Mauritania,9.766179999999999
875,2003-01-01,Mauritania,7.707201
876,2004-01-01,Mauritania,50.399327
877,2005-01-01,Mauritania,4.057497000000001
878,2006-01-01,Mauritania,402.016196
879,2007-01-01,Mauritania,569.3808270000001
880,2008-01-01,Mauritania,1044.13841
881,2009-01-01,Mauritania,853.928225
882,2010-01-01,Mauritania,967.03335
883,2011-01-01,Mauritania,1517.037125
884,2012-01-01,Mauritania,1468.673986
885,2013-01-01,Mauritania,1728.521684
886,2014-01-01,Mauritania,1170.579521
887,2015-01-01,Mauritania,718.069947
888,2016-01-01,Mauritania,747.559054
889,2017-01-01,Mauritania,786.505331
890,2018-01-01,Mauritania,858.209574
891,1992-01-01,Mauritius,0.13586499999999999
892,1993-01-01,Mauritius,0.390398
893,1994-01-01,Mauritius,0.071191
894,1995-01-01,Mauritius,0.055248
895,1996-01-01,Mauritius,0.010141
896,1997-01-01,Mauritius,0.137563
897,1998-01-01,Mauritius,0.627462
898,1999-01-01,Mauritius,22.388393999999998
899,2000-01-01,Mauritius,29.296624
900,2001-01-01,Mauritius,8.951552999999999
901,2002-01-01,Mauritius,4.671037
902,2003-01-01,Mauritius,3.126003
903,2004-01-01,Mauritius,6.654282
904,2005-01-01,Mauritius,8.277382
905,2006-01-01,Mauritius,7.326333
906,2007-01-01,Mauritius,5.024954
907,2008-01-01,Mauritius,5.705495
908,2009-01-01,Mauritius,6.025685
909,2010-01-01,Mauritius,10.099302
910,2011-01-01,Mauritius,9.686573000000001
911,2012-01-01,Mauritius,10.713018
912,2013-01-01,Mauritius,12.868086000000002
913,2014-01-01,Mauritius,14.051338999999999
914,2015-01-01,Mauritius,15.335043
915,2016-01-01,Mauritius,19.707669
916,2017-01-01,Mauritius,22.435009
917,2018-01-01,Mauritius,37.456583
918,1992-01-01,Morocco,40.502046
919,1993-01-01,Morocco,29.389098999999998
920,1994-01-01,Morocco,8.527514
921,1995-01-01,Morocco,39.828404
922,1996-01-01,Morocco,17.228515
923,1997-01-01,Morocco,43.363388
924,1998-01-01,Morocco,86.056821
925,1999-01-01,Morocco,55.488155
926,2000-01-01,Morocco,58.234779
927,2001-01-01,Morocco,84.348671
928,2002-01-01,Morocco,122.148328
929,2003-01-01,Morocco,160.971507
930,2004-01-01,Morocco,214.0821
931,2005-01-01,Morocco,277.448396
932,2006-01-01,Morocco,359.40634
933,2007-01-01,Morocco,423.891838
934,2008-01-01,Morocco,461.05883600000004
935,2009-01-01,Morocco,375.013702
936,2010-01-01,Morocco,452.321985
937,2011-01-01,Morocco,475.627503
938,2012-01-01,Morocco,558.415936
939,2013-01-01,Morocco,531.42815
940,2014-01-01,Morocco,517.912211
941,2015-01-01,Morocco,521.521041
942,2016-01-01,Morocco,553.456726
943,2017-01-01,Morocco,650.597142
944,2018-01-01,Morocco,711.06791
945,1992-01-01,Mozambique,38.389843
946,1993-01-01,Mozambique,6.717530999999999
947,1994-01-01,Mozambique,5.576033
948,1995-01-01,Mozambique,1.092985
949,1996-01-01,Mozambique,0.198206
950,1997-01-01,Mozambique,0.729796
951,1998-01-01,Mozambique,0.427301
952,1999-01-01,Mozambique,3.299368
953,2000-01-01,Mozambique,8.777791
954,2001-01-01,Mozambique,11.193890999999999
955,2002-01-01,Mozambique,22.578190000000003
956,2003-01-01,Mozambique,26.591793
957,2004-01-01,Mozambique,44.286108
958,2005-01-01,Mozambique,73.52732400000001
959,2006-01-01,Mozambique,79.772228
960,2007-01-01,Mozambique,124.248069
961,2008-01-01,Mozambique,125.88237399999998
962,2009-01-01,Mozambique,177.55436899999998
963,2010-01-01,Mozambique,201.077529
964,2011-01-01,Mozambique,257.241199
965,2012-01-01,Mozambique,403.32047900000003
966,2013-01-01,Mozambique,454.874745
967,2014-01-01,Mozambique,1649.8050779999999
968,2015-01-01,Mozambique,452.61605
969,2016-01-01,Mozambique,479.356871
970,2017-01-01,Mozambique,528.715219
971,2018-01-01,Mozambique,651.383583
972,1992-01-01,Namibia,0.0
973,1993-01-01,Namibia,0.0
974,1994-01-01,Namibia,0.0
975,1995-01-01,Namibia,0.0
976,1996-01-01,Namibia,0.0
977,1997-01-01,Namibia,0.0
978,1998-01-01,Namibia,0.0
979,1999-01-01,Namibia,0.0
980,2000-01-01,Namibia,3.591186
981,2001-01-01,Namibia,11.262863999999999
982,2002-01-01,Namibia,28.930214
983,2003-01-01,Namibia,36.951145
984,2004-01-01,Namibia,46.576322000000005
985,2005-01-01,Namibia,76.38855699999999
986,2006-01-01,Namibia,121.857253
987,2007-01-01,Namibia,157.6586
988,2008-01-01,Namibia,282.17809500000004
989,2009-01-01,Namibia,312.381018
990,2010-01-01,Namibia,481.495479
991,2011-01-01,Namibia,224.481187
992,2012-01-01,Namibia,241.267602
993,2013-01-01,Namibia,257.700065
994,2014-01-01,Namibia,317.341357
995,2015-01-01,Namibia,211.633751
996,2016-01-01,Namibia,165.784709
997,2017-01-01,Namibia,297.541347
998,2018-01-01,Namibia,502.981416
999,1992-01-01,Niger,0.0
1000,1993-01-01,Niger,0.032095
1001,1994-01-01,Niger,0.7536240000000001
1002,1995-01-01,Niger,0.135
1003,1996-01-01,Niger,0.009738
1004,1997-01-01,Niger,0.311888
1005,1998-01-01,Niger,0.0
1006,1999-01-01,Niger,0.0
1007,2000-01-01,Niger,0.0
1008,2001-01-01,Niger,0.0
1009,2002-01-01,Niger,8.3e-05
1010,2003-01-01,Niger,1.0000000000000002e-06
1011,2004-01-01,Niger,0.011576000000000001
1012,2005-01-01,Niger,0.00065
1013,2006-01-01,Niger,0.9270959999999999
1014,2007-01-01,Niger,0.045163
1015,2008-01-01,Niger,0.067877
1016,2009-01-01,Niger,0.048017
1017,2010-01-01,Niger,0.170645
1018,2011-01-01,Niger,2.105116
1019,2012-01-01,Niger,37.163478
1020,2013-01-01,Niger,15.875364999999999
1021,2014-01-01,Niger,79.07359799999999
1022,2015-01-01,Niger,140.993156
1023,2016-01-01,Niger,124.236123
1024,2017-01-01,Niger,99.078835
1025,2018-01-01,Niger,171.113154
1026,1992-01-01,Nigeria,5.961981
1027,1993-01-01,Nigeria,0.529845
1028,1994-01-01,Nigeria,1.064257
1029,1995-01-01,Nigeria,59.711253
1030,1996-01-01,Nigeria,6.820653
1031,1997-01-01,Nigeria,10.632028
1032,1998-01-01,Nigeria,27.423348999999998
1033,1999-01-01,Nigeria,182.483832
1034,2000-01-01,Nigeria,307.296342
1035,2001-01-01,Nigeria,227.157472
1036,2002-01-01,Nigeria,121.308269
1037,2003-01-01,Nigeria,71.658792
1038,2004-01-01,Nigeria,463.216342
1039,2005-01-01,Nigeria,526.879258
1040,2006-01-01,Nigeria,277.747279
1041,2007-01-01,Nigeria,537.080321
1042,2008-01-01,Nigeria,508.38098099999996
1043,2009-01-01,Nigeria,896.525833
1044,2010-01-01,Nigeria,1071.622397
1045,2011-01-01,Nigeria,1583.680065
1046,2012-01-01,Nigeria,1273.7930099999999
1047,2013-01-01,Nigeria,1546.60288
1048,2014-01-01,Nigeria,2658.354827
1049,2015-01-01,Nigeria,1240.70078
1050,2016-01-01,Nigeria,907.008025
1051,2017-01-01,Nigeria,1624.049602
1052,2018-01-01,Nigeria,1858.993874
1053,1992-01-01,Rwanda,0.013264999999999999
1054,1993-01-01,Rwanda,0.007533
1055,1994-01-01,Rwanda,0.0
1056,1995-01-01,Rwanda,0.018994
1057,1996-01-01,Rwanda,0.12956299999999998
1058,1997-01-01,Rwanda,0.6595719999999999
1059,1998-01-01,Rwanda,1.909049
1060,1999-01-01,Rwanda,1.738843
1061,2000-01-01,Rwanda,2.626093
1062,2001-01-01,Rwanda,6.369694
1063,2002-01-01,Rwanda,5.191254
1064,2003-01-01,Rwanda,7.1169400000000005
1065,2004-01-01,Rwanda,16.026199000000002
1066,2005-01-01,Rwanda,11.532034
1067,2006-01-01,Rwanda,21.887575
1068,2007-01-01,Rwanda,23.634316
1069,2008-01-01,Rwanda,29.578975
1070,2009-01-01,Rwanda,25.698019
1071,2010-01-01,Rwanda,38.673596999999994
1072,2011-01-01,Rwanda,78.12935
1073,2012-01-01,Rwanda,71.465454
1074,2013-01-01,Rwanda,108.449744
1075,2014-01-01,Rwanda,91.871609
1076,2015-01-01,Rwanda,43.53565
1077,2016-01-01,Rwanda,33.140091
1078,2017-01-01,Rwanda,28.879228
1079,2018-01-01,Rwanda,39.959232
1080,1992-01-01,Senegal,0.5425570000000001
1081,1993-01-01,Senegal,2.918876
1082,1994-01-01,Senegal,1.3875879999999998
1083,1995-01-01,Senegal,0.47193799999999997
1084,1996-01-01,Senegal,1.605669
1085,1997-01-01,Senegal,0.427686
1086,1998-01-01,Senegal,0.399143
1087,1999-01-01,Senegal,0.538181
1088,2000-01-01,Senegal,1.528642
1089,2001-01-01,Senegal,0.375639
1090,2002-01-01,Senegal,1.0716729999999999
1091,2003-01-01,Senegal,6.282633000000001
1092,2004-01-01,Senegal,3.9410799999999995
1093,2005-01-01,Senegal,7.879753
1094,2006-01-01,Senegal,9.360558
1095,2007-01-01,Senegal,22.530569
1096,2008-01-01,Senegal,4.969956
1097,2009-01-01,Senegal,41.975233
1098,2010-01-01,Senegal,51.160113
1099,2011-01-01,Senegal,68.708685
1100,2012-01-01,Senegal,51.356315
1101,2013-01-01,Senegal,39.730171
1102,2014-01-01,Senegal,46.996061999999995
1103,2015-01-01,Senegal,111.659841
1104,2016-01-01,Senegal,161.589461
1105,2017-01-01,Senegal,149.698902
1106,2018-01-01,Senegal,128.508972
1107,1992-01-01,Seychelles,0.031231
1108,1993-01-01,Seychelles,0.0
1109,1994-01-01,Seychelles,0.0
1110,1995-01-01,Seychelles,0.0
1111,1996-01-01,Seychelles,0.0
1112,1997-01-01,Seychelles,0.0
1113,1998-01-01,Seychelles,0.0
1114,1999-01-01,Seychelles,0.001
1115,2000-01-01,Seychelles,0.15374000000000002
1116,2001-01-01,Seychelles,0.050792
1117,2002-01-01,Seychelles,0.013521
1118,2003-01-01,Seychelles,0.033083
1119,2004-01-01,Seychelles,0.027784
1120,2005-01-01,Seychelles,0.009776
1121,2006-01-01,Seychelles,0.5979960000000001
1122,2007-01-01,Seychelles,4.460195000000001
1123,2008-01-01,Seychelles,3.684019
1124,2009-01-01,Seychelles,0.031238000000000002
1125,2010-01-01,Seychelles,0.011281
1126,2011-01-01,Seychelles,0.321691
1127,2012-01-01,Seychelles,0.26271500000000003
1128,2013-01-01,Seychelles,0.401846
1129,2014-01-01,Seychelles,0.196653
1130,2015-01-01,Seychelles,0.099638
1131,2016-01-01,Seychelles,0.0749
1132,2017-01-01,Seychelles,1.473781
1133,2018-01-01,Seychelles,0.025219
1134,1992-01-01,Sierra Leone,0.0
1135,1993-01-01,Sierra Leone,0.056949
1136,1994-01-01,Sierra Leone,0.003369
1137,1995-01-01,Sierra Leone,0.0
1138,1996-01-01,Sierra Leone,0.0
1139,1997-01-01,Sierra Leone,0.0
1140,1998-01-01,Sierra Leone,0.00117
1141,1999-01-01,Sierra Leone,0.0
1142,2000-01-01,Sierra Leone,0.016287
1143,2001-01-01,Sierra Leone,0.002801
1144,2002-01-01,Sierra Leone,0.157126
1145,2003-01-01,Sierra Leone,9.6e-05
1146,2004-01-01,Sierra Leone,1.603283
1147,2005-01-01,Sierra Leone,1.360541
1148,2006-01-01,Sierra Leone,0.9789939999999999
1149,2007-01-01,Sierra Leone,5.705426
1150,2008-01-01,Sierra Leone,5.316608
1151,2009-01-01,Sierra Leone,10.54127
1152,2010-01-01,Sierra Leone,10.770079
1153,2011-01-01,Sierra Leone,28.002729000000002
1154,2012-01-01,Sierra Leone,502.90923799999996
1155,2013-01-01,Sierra Leone,1452.659069
1156,2014-01-01,Sierra Leone,1683.1802380000001
1157,2015-01-01,Sierra Leone,164.822246
1158,2016-01-01,Sierra Leone,239.555533
1159,2017-01-01,Sierra Leone,338.017772
1160,2018-01-01,Sierra Leone,177.190566
1161,1992-01-01,Somalia,1.118622
1162,1993-01-01,Somalia,0.9050520000000001
1163,1994-01-01,Somalia,0.6434179999999999
1164,1995-01-01,Somalia,1.314812
1165,1996-01-01,Somalia,0.60351
1166,1997-01-01,Somalia,0.292193
1167,1998-01-01,Somalia,0.045318000000000004
1168,1999-01-01,Somalia,0.061055000000000005
1169,2000-01-01,Somalia,0.06397399999999999
1170,2001-01-01,Somalia,0.514941
1171,2002-01-01,Somalia,1.559612
1172,2003-01-01,Somalia,6.624306
1173,2004-01-01,Somalia,7.811211
1174,2005-01-01,Somalia,3.074312
1175,2006-01-01,Somalia,3.064836
1176,2007-01-01,Somalia,1.72279
1177,2008-01-01,Somalia,0.18856799999999999
1178,2009-01-01,Somalia,0.5502239999999999
1179,2010-01-01,Somalia,1.6973019999999999
1180,2011-01-01,Somalia,5.796227
1181,2012-01-01,Somalia,3.103929
1182,2013-01-01,Somalia,16.339552
1183,2014-01-01,Somalia,29.824358
1184,2015-01-01,Somalia,24.71152
1185,2016-01-01,Somalia,10.958159
1186,2017-01-01,Somalia,11.803184
1187,2018-01-01,Somalia,16.55225
1188,1992-01-01,South Africa,0.0
1189,1993-01-01,South Africa,0.0
1190,1994-01-01,South Africa,0.0
1191,1995-01-01,South Africa,0.0
1192,1996-01-01,South Africa,0.0
1193,1997-01-01,South Africa,0.0
1194,1998-01-01,South Africa,0.0
1195,1999-01-01,South Africa,0.0
1196,2000-01-01,South Africa,335.189211
1197,2001-01-01,South Africa,461.312299
1198,2002-01-01,South Africa,450.297736
1199,2003-01-01,South Africa,889.147541
1200,2004-01-01,South Africa,1055.745855
1201,2005-01-01,South Africa,1368.72422
1202,2006-01-01,South Africa,2108.756567
1203,2007-01-01,South Africa,4169.608033
1204,2008-01-01,South Africa,4309.779843
1205,2009-01-01,South Africa,5670.122785
1206,2010-01-01,South Africa,8095.82724
1207,2011-01-01,South Africa,12495.813857
1208,2012-01-01,South Africa,10320.513921
1209,2013-01-01,South Africa,12047.235763
1210,2014-01-01,South Africa,8770.889953
1211,2015-01-01,South Africa,7420.282077
1212,2016-01-01,South Africa,6812.080906
1213,2017-01-01,South Africa,8672.254675
1214,2018-01-01,South Africa,8550.852951
1215,1992-01-01,South Sudan,0.0
1216,1993-01-01,South Sudan,0.0
1217,1994-01-01,South Sudan,0.0
1218,1995-01-01,South Sudan,0.0
1219,1996-01-01,South Sudan,0.0
1220,1997-01-01,South Sudan,0.0
1221,1998-01-01,South Sudan,0.0
1222,1999-01-01,South Sudan,0.0
1223,2000-01-01,South Sudan,0.0
1224,2001-01-01,South Sudan,0.0
1225,2002-01-01,South Sudan,0.0
1226,2003-01-01,South Sudan,0.0
1227,2004-01-01,South Sudan,0.0
1228,2005-01-01,South Sudan,0.0
1229,2006-01-01,South Sudan,0.0
1230,2007-01-01,South Sudan,0.0
1231,2008-01-01,South Sudan,0.0
1232,2009-01-01,South Sudan,0.0
1233,2010-01-01,South Sudan,0.0
1234,2011-01-01,South Sudan,0.0
1235,2012-01-01,South Sudan,499.465321
1236,2013-01-01,South Sudan,2468.344369
1237,2014-01-01,South Sudan,4329.242102
1238,2015-01-01,South Sudan,2326.88667
1239,2016-01-01,South Sudan,1459.751408
1240,2017-01-01,South Sudan,1270.049729
1241,2018-01-01,South Sudan,1588.451879
1242,1992-01-01,Sudan,0.0
1243,1993-01-01,Sudan,0.0
1244,1994-01-01,Sudan,0.0
1245,1995-01-01,Sudan,0.0
1246,1996-01-01,Sudan,0.0
1247,1997-01-01,Sudan,0.0
1248,1998-01-01,Sudan,0.0
1249,1999-01-01,Sudan,0.0
1250,2000-01-01,Sudan,0.0
1251,2001-01-01,Sudan,0.0
1252,2002-01-01,Sudan,0.0
1253,2003-01-01,Sudan,0.0
1254,2004-01-01,Sudan,0.0
1255,2005-01-01,Sudan,0.0
1256,2006-01-01,Sudan,0.0
1257,2007-01-01,Sudan,0.0
1258,2008-01-01,Sudan,0.0
1259,2009-01-01,Sudan,0.0
1260,2010-01-01,Sudan,0.0
1261,2011-01-01,Sudan,0.0
1262,2012-01-01,Sudan,1554.266756
1263,2013-01-01,Sudan,2100.0231679999997
1264,2014-01-01,Sudan,1521.283337
1265,2015-01-01,Sudan,728.39354
1266,2016-01-01,Sudan,504.705986
1267,2017-01-01,Sudan,590.797659
1268,2018-01-01,Sudan,670.034618
1269,1992-01-01,Eswatini,0.0
1270,1993-01-01,Eswatini,0.0
1271,1994-01-01,Eswatini,0.0
1272,1995-01-01,Eswatini,0.0
1273,1996-01-01,Eswatini,0.0
1274,1997-01-01,Eswatini,0.0
1275,1998-01-01,Eswatini,0.0
1276,1999-01-01,Eswatini,0.0
1277,2000-01-01,Eswatini,0.037289
1278,2001-01-01,Eswatini,7.013720999999999
1279,2002-01-01,Eswatini,11.089326
1280,2003-01-01,Eswatini,14.533067
1281,2004-01-01,Eswatini,14.632978
1282,2005-01-01,Eswatini,23.180995
1283,2006-01-01,Eswatini,24.822266
1284,2007-01-01,Eswatini,19.332267
1285,2008-01-01,Eswatini,11.279708
1286,2009-01-01,Eswatini,15.107887999999999
1287,2010-01-01,Eswatini,2.504232
1288,2011-01-01,Eswatini,0.343796
1289,2012-01-01,Eswatini,100.38109100000001
1290,2013-01-01,Eswatini,115.071552
1291,2014-01-01,Eswatini,46.111006
1292,2015-01-01,Eswatini,0.289264
1293,2016-01-01,Eswatini,0.328349
1294,2017-01-01,Eswatini,4.337359
1295,2018-01-01,Eswatini,27.459866
1296,1992-01-01,Togo,1.656731
1297,1993-01-01,Togo,0.980012
1298,1994-01-01,Togo,1.715888
1299,1995-01-01,Togo,0.595361
1300,1996-01-01,Togo,1.823044
1301,1997-01-01,Togo,7.801304999999999
1302,1998-01-01,Togo,3.142798
1303,1999-01-01,Togo,0.06265799999999999
1304,2000-01-01,Togo,0.062122
1305,2001-01-01,Togo,0.22506800000000002
1306,2002-01-01,Togo,5.349724
1307,2003-01-01,Togo,22.113599
1308,2004-01-01,Togo,46.471917000000005
1309,2005-01-01,Togo,31.873717000000003
1310,2006-01-01,Togo,21.598694000000002
1311,2007-01-01,Togo,26.104612
1312,2008-01-01,Togo,30.899652
1313,2009-01-01,Togo,36.372517
1314,2010-01-01,Togo,61.619158
1315,2011-01-01,Togo,76.598624
1316,2012-01-01,Togo,84.81131
1317,2013-01-01,Togo,117.943633
1318,2014-01-01,Togo,166.441462
1319,2015-01-01,Togo,214.712907
1320,2016-01-01,Togo,105.331515
1321,2017-01-01,Togo,73.186663
1322,2018-01-01,Togo,145.76184
1323,1992-01-01,Tunisia,23.39612
1324,1993-01-01,Tunisia,30.042484
1325,1994-01-01,Tunisia,12.291825
1326,1995-01-01,Tunisia,35.607297
1327,1996-01-01,Tunisia,32.317423
1328,1997-01-01,Tunisia,22.641712000000002
1329,1998-01-01,Tunisia,45.788599999999995
1330,1999-01-01,Tunisia,28.387167
1331,2000-01-01,Tunisia,2.19346
1332,2001-01-01,Tunisia,3.203986
1333,2002-01-01,Tunisia,38.296714
1334,2003-01-01,Tunisia,17.044964
1335,2004-01-01,Tunisia,34.131276
1336,2005-01-01,Tunisia,44.087779
1337,2006-01-01,Tunisia,50.532891000000006
1338,2007-01-01,Tunisia,30.318413999999997
1339,2008-01-01,Tunisia,90.308471
1340,2009-01-01,Tunisia,107.523728
1341,2010-01-01,Tunisia,124.900376
1342,2011-01-01,Tunisia,219.462498
1343,2012-01-01,Tunisia,176.976451
1344,2013-01-01,Tunisia,176.729459
1345,2014-01-01,Tunisia,210.367424
1346,2015-01-01,Tunisia,183.799263
1347,2016-01-01,Tunisia,138.846826
1348,2017-01-01,Tunisia,198.163138
1349,2018-01-01,Tunisia,194.964649
1350,1992-01-01,Uganda,0.0024430000000000003
1351,1993-01-01,Uganda,0.01349
1352,1994-01-01,Uganda,0.021158
1353,1995-01-01,Uganda,0.011427999999999999
1354,1996-01-01,Uganda,1.247699
1355,1997-01-01,Uganda,1.739525
1356,1998-01-01,Uganda,0.134354
1357,1999-01-01,Uganda,0.19956
1358,2000-01-01,Uganda,0.836515
1359,2001-01-01,Uganda,1.236219
1360,2002-01-01,Uganda,5.602695000000001
1361,2003-01-01,Uganda,3.5033260000000004
1362,2004-01-01,Uganda,11.641231
1363,2005-01-01,Uganda,20.001905
1364,2006-01-01,Uganda,17.784982000000003
1365,2007-01-01,Uganda,19.898324
1366,2008-01-01,Uganda,17.060339
1367,2009-01-01,Uganda,20.103286
1368,2010-01-01,Uganda,26.567283
1369,2011-01-01,Uganda,40.249339
1370,2012-01-01,Uganda,42.874601
1371,2013-01-01,Uganda,71.925435
1372,2014-01-01,Uganda,111.569259
1373,2015-01-01,Uganda,85.583492
1374,2016-01-01,Uganda,37.617419
1375,2017-01-01,Uganda,33.412539
1376,2018-01-01,Uganda,47.167395
1377,1992-01-01,United Rep. of Tanzania,0.7014220000000001
1378,1993-01-01,United Rep. of Tanzania,1.149722
1379,1994-01-01,United Rep. of Tanzania,9.224981999999999
1380,1995-01-01,United Rep. of Tanzania,9.598801
1381,1996-01-01,United Rep. of Tanzania,19.43477
1382,1997-01-01,United Rep. of Tanzania,17.622052999999998
1383,1998-01-01,United Rep. of Tanzania,9.686501999999999
1384,1999-01-01,United Rep. of Tanzania,5.743668
1385,2000-01-01,United Rep. of Tanzania,4.769731999999999
1386,2001-01-01,United Rep. of Tanzania,3.286412
1387,2002-01-01,United Rep. of Tanzania,6.619861
1388,2003-01-01,United Rep. of Tanzania,27.567110999999997
1389,2004-01-01,United Rep. of Tanzania,68.26908499999999
1390,2005-01-01,United Rep. of Tanzania,170.717677
1391,2006-01-01,United Rep. of Tanzania,152.678108
1392,2007-01-01,United Rep. of Tanzania,203.599842
1393,2008-01-01,United Rep. of Tanzania,131.588471
1394,2009-01-01,United Rep. of Tanzania,195.968354
1395,2010-01-01,United Rep. of Tanzania,406.945183
1396,2011-01-01,United Rep. of Tanzania,489.896901
1397,2012-01-01,United Rep. of Tanzania,379.281002
1398,2013-01-01,United Rep. of Tanzania,552.548245
1399,2014-01-01,United Rep. of Tanzania,435.90817999999996
1400,2015-01-01,United Rep. of Tanzania,377.8442
1401,2016-01-01,United Rep. of Tanzania,315.826807
1402,2017-01-01,United Rep. of Tanzania,335.85905
1403,2018-01-01,United Rep. of Tanzania,393.915222
1404,1992-01-01,Zambia,16.246522
1405,1993-01-01,Zambia,10.965465
1406,1994-01-01,Zambia,2.110612
1407,1995-01-01,Zambia,1.820762
1408,1996-01-01,Zambia,5.738977
1409,1997-01-01,Zambia,26.505535000000002
1410,1998-01-01,Zambia,6.218218
1411,1999-01-01,Zambia,17.623011
1412,2000-01-01,Zambia,69.390123
1413,2001-01-01,Zambia,35.92412100000001
1414,2002-01-01,Zambia,46.092257999999994
1415,2003-01-01,Zambia,47.881549
1416,2004-01-01,Zambia,171.104891
1417,2005-01-01,Zambia,252.062365
1418,2006-01-01,Zambia,270.356333
1419,2007-01-01,Zambia,394.862193
1420,2008-01-01,Zambia,522.497956
1421,2009-01-01,Zambia,1272.464335
1422,2010-01-01,Zambia,2578.40733
1423,2011-01-01,Zambia,2775.940166
1424,2012-01-01,Zambia,2686.560295
1425,2013-01-01,Zambia,3047.866233
1426,2014-01-01,Zambia,3071.379646
1427,2015-01-01,Zambia,1786.476269
1428,2016-01-01,Zambia,2183.500684
1429,2017-01-01,Zambia,3122.754433
1430,2018-01-01,Zambia,4132.38453
1431,1992-01-01,Zimbabwe,97.903937
1432,1993-01-01,Zimbabwe,51.315726
1433,1994-01-01,Zimbabwe,26.183214
1434,1995-01-01,Zimbabwe,36.905423
1435,1996-01-01,Zimbabwe,68.462126
1436,1997-01-01,Zimbabwe,74.58950300000001
1437,1998-01-01,Zimbabwe,27.866718
1438,1999-01-01,Zimbabwe,44.340082
1439,2000-01-01,Zimbabwe,102.736843
1440,2001-01-01,Zimbabwe,114.891888
1441,2002-01-01,Zimbabwe,159.592503
1442,2003-01-01,Zimbabwe,167.08017
1443,2004-01-01,Zimbabwe,141.178129
1444,2005-01-01,Zimbabwe,157.91782700000002
1445,2006-01-01,Zimbabwe,139.093424
1446,2007-01-01,Zimbabwe,142.769297
1447,2008-01-01,Zimbabwe,148.21384400000002
1448,2009-01-01,Zimbabwe,140.84982200000002
1449,2010-01-01,Zimbabwe,246.058323
1450,2011-01-01,Zimbabwe,464.054686
1451,2012-01-01,Zimbabwe,584.426601
1452,2013-01-01,Zimbabwe,687.838704
1453,2014-01-01,Zimbabwe,836.6330899999999
1454,2015-01-01,Zimbabwe,761.400853
1455,2016-01-01,Zimbabwe,726.879971
1456,2017-01-01,Zimbabwe,872.029644
1457,2018-01-01,Zimbabwe,890.332777
